Workbook

Sheet How To Use
B2: Fastr Optimize — Prospect Testability Scorer
B3: Tier prospects by how fast an A/B test can reach statistical significance on their traffic — before we offer a trial.
B5: THE PROBLEM
B6: Why this exists | C6: Small sites can't reach significance quickly. Tests run for months, results stay inconclusive, and we can't prove optimization value. This tool screens prospects out before we spend trial and onboarding time on them.
B7: HOW TO USE
B8: 1. Check Assumptions | C8: Review the 'Assumptions' tab. Defaults: 95% confidence, 80% power, 5% relative lift (MDE), 2 variants, 50% of site traffic in the test. Change only with good reason — every tab updates.
B9: 2. Score prospects | C9: On 'Prospect Scorer', enter Company, Annual US Digital Revenue ($M) and Monthly Sessions. AOV is optional (blank uses the default AOV). Tier, weeks-to-significance and recommended action calculate automatically.
B10: 3. Deep-dive one account | C10: Use 'Single Calculator' in a discovery call to show the prospect the math for their own site.
B11: 4. Quick reference | C11: 'Traffic Thresholds' shows the minimum monthly sessions needed to read a test in 2 / 4 weeks at different conversion rates and lifts — a cheat sheet for reps.
B12: CELL LEGEND
B13: Blue text, grey fill | C13: Input cell — edit these.
B14: Black text | C14: Formula — do not overwrite.
B15: TIER LOGIC
B16: Tier 1 — Pursue | C16: Weeks to significance ≤ Tier 1 limit (default 2) AND revenue ≥ Tier 1 floor (default $200M). Can run 20+ clean tests a year. Offer the trial.
B17: Tier 2 — Qualify | C17: Weeks ≤ Tier 2 limit (default 4) AND revenue ≥ Tier 2 floor (default $50M). Testable on high-traffic pages only; pitch bigger, bolder tests (≥10% MDE). Trial only with a scoped test plan.
B18: Tier 3 — Don't trial | C18: Everything else. Tests would take 4+ weeks per read. Don't offer an A/B testing trial; nurture, or sell non-testing services (speed, UX audit, personalization rules).
B19: THE MATH
B20: Revenue per visitor | C20: Annual revenue ÷ 12 ÷ monthly sessions.
B21: Conversion rate | C21: Revenue per visitor ÷ AOV (estimated when only revenue and traffic are known).
B22: Sample size per variant | C22: n = (Z₁₋α/₂ + Z₁₋β)² × [p₁(1−p₁) + p₂(1−p₂)] ÷ (p₂ − p₁)², where p₂ = p₁ × (1 + MDE). Standard two-proportion z-test.
B23: Weeks to significance | C23: (n × variants) ÷ weekly visitors entering the test. Never run a test under 2 weeks regardless (weekday/weekend cycles).
B24: Smallest lift readable in 4 wks | C24: The minimum detectable effect the site can see in a 4-week test. If this is above ~10%, most real-world wins (typically 2–8%) will be invisible.
B25: REFERENCES
B26: Sample size / power | C26: Evan Miller, 'How Not To Run an A/B Test' — https://www.evanmiller.org/how-not-to-run-an-ab-test.html | Calculator: https://www.evanmiller.org/ab-testing/sample-size.html
B27: Minimum detectable effect | C27: Optimizely glossary — https://www.optimizely.com/optimization-glossary/minimum-detectable-effect/
B28: Revenue data | C28: Digital Commerce 360 Top 2000 (US ecommerce sales estimates) — https://www.digitalcommerce360.com/ | Traffic: Similarweb / Semrush.
B29: Caveats | C29: Revenue and traffic estimates from third-party tools can be off by 30%+. Treat borderline accounts (within ~25% of a threshold) as the higher-risk tier until the prospect shares real analytics.

Sheet Prospect Scorer
A1: Prospect Scorer
A2: Enter blue columns. Example rows (fictional) show the expected format — overwrite them with real prospects.
A4: Company | B4: Annual US Digital Revenue ($M) | C4: Monthly Sessions | D4: AOV ($) — optional | E4: Data Source / Notes | F4: AOV Used ($) | G4: Revenue per Visitor ($) | H4: Est. Conversion Rate | I4: Est. Orders / Month | J4: Sample Needed per Variant | K4: Weekly Test Traffic | L4: Weeks to Significance | M4: Tests / Year Capacity | N4: Smallest Lift Readable in 4 wks | O4: Tier | P4: Recommended Action | R4: Pipeline Summary | S4: Count | T4: Revenue ($M)
A5: Example — Big-box retailer | B5: 1200 | C5: 28000000 | D5: 95 | E5: DC360 + Similarweb | F5: =IF(OR($B5="",$C5=""),"",IF($D5="",Assumptions!$C$13,$D5)) -> 95 | G5: =IF(OR($B5="",$C5=""),"",$B5*1000000/12/$C5) -> 3.5714286 | H5: =IF(OR($B5="",$C5=""),"",$G5/$F5) -> 0.037593985 | I5: =IF(OR($B5="",$C5=""),"",$C5*$H5) -> 1052631.6 | J5: =IF(OR($B5="",$C5=""),"",Assumptions!$C$24*($H5*(1-$H5)+$H5*(1+Assumptions!$C$9)*(1-$H5*(1+Assumptions!$C$9)))/($H5*Assumptions!$C$9)^2) -> 164598.86 | K5: =IF(OR($B5="",$C5=""),"",$C5/Assumptions!$C$14*Assumptions!$C$11) -> 3230769.2 | L5: =IF(OR($B5="",$C5=""),"",$J5*Assumptions!$C$10/$K5) -> 0.10189453 | M5: =IF(OR($B5="",$C5=""),"",MIN(Assumptions!$C$20,52/MAX($L5,Assumptions!$C$12))) -> 26 | N5: =IF(OR($B5="",$C5=""),"",SQRT(Assumptions!$C$24)*SQRT(2*$H5*(1-$H5)/($K5*4/Assumptions!$C$10))/$H5) -> 0.0078862556 | O5: =IF(OR($B5="",$C5=""),"",IF(AND($L5<=Assumptions!$C$16,$B5>=Assumptions!$C$17),"Tier 1",IF(AND($L5<=Assumptions!$C$18,$B5>=Assumptions!$C$19),"Tier 2","Tier 3"))) -> Tier 1 | P5: =IF(OR($B5="",$C5=""),"",IF($O5="Tier 1","Pursue — offer trial; plan 2-week tests",IF($O5="Tier 2","Qualify — trial only on top-traffic pages, bold tests (≥10% lift)","Don't trial A/B — nurture or sell non-testing services"))) -> Pursue — offer trial; plan 2-week tests | R5: Tier 1 | S5: =COUNTIF($O$5:$O$204,R5) -> 2 | T5: =SUMIFS($B$5:$B$204,$O$5:$O$204,R5) -> 1550
A6: Example — Specialty apparel | B6: 350 | C6: 6500000 | D6: 110 | E6: DC360 + Similarweb | F6: =IF(OR($B6="",$C6=""),"",IF($D6="",Assumptions!$C$13,$D6)) -> 110 | G6: =IF(OR($B6="",$C6=""),"",$B6*1000000/12/$C6) -> 4.4871795 | H6: =IF(OR($B6="",$C6=""),"",$G6/$F6) -> 0.040792541 | I6: =IF(OR($B6="",$C6=""),"",$C6*$H6) -> 265151.52 | J6: =IF(OR($B6="",$C6=""),"",Assumptions!$C$24*($H6*(1-$H6)+$H6*(1+Assumptions!$C$9)*(1-$H6*(1+Assumptions!$C$9)))/($H6*Assumptions!$C$9)^2) -> 151175.03 | K6: =IF(OR($B6="",$C6=""),"",$C6/Assumptions!$C$14*Assumptions!$C$11) -> 750000 | L6: =IF(OR($B6="",$C6=""),"",$J6*Assumptions!$C$10/$K6) -> 0.40313341 | M6: =IF(OR($B6="",$C6=""),"",MIN(Assumptions!$C$20,52/MAX($L6,Assumptions!$C$12))) -> 26 | N6: =IF(OR($B6="",$C6=""),"",SQRT(Assumptions!$C$24)*SQRT(2*$H6*(1-$H6)/($K6*4/Assumptions!$C$10))/$H6) -> 0.015686971 | O6: =IF(OR($B6="",$C6=""),"",IF(AND($L6<=Assumptions!$C$16,$B6>=Assumptions!$C$17),"Tier 1",IF(AND($L6<=Assumptions!$C$18,$B6>=Assumptions!$C$19),"Tier 2","Tier 3"))) -> Tier 1 | P6: =IF(OR($B6="",$C6=""),"",IF($O6="Tier 1","Pursue — offer trial; plan 2-week tests",IF($O6="Tier 2","Qualify — trial only on top-traffic pages, bold tests (≥10% lift)","Don't trial A/B — nurture or sell non-testing services"))) -> Pursue — offer trial; plan 2-week tests | R6: Tier 2 | S6: =COUNTIF($O$5:$O$204,R6) -> 3 | T6: =SUMIFS($B$5:$B$204,$O$5:$O$204,R6) -> 370
A7: Example — Home furnishings | B7: 220 | C7: 2200000 | D7: 380 | E7: Prospect GA4 | F7: =IF(OR($B7="",$C7=""),"",IF($D7="",Assumptions!$C$13,$D7)) -> 380 | G7: =IF(OR($B7="",$C7=""),"",$B7*1000000/12/$C7) -> 8.3333333 | H7: =IF(OR($B7="",$C7=""),"",$G7/$F7) -> 0.021929825 | I7: =IF(OR($B7="",$C7=""),"",$C7*$H7) -> 48245.614 | J7: =IF(OR($B7="",$C7=""),"",Assumptions!$C$24*($H7*(1-$H7)+$H7*(1+Assumptions!$C$9)*(1-$H7*(1+Assumptions!$C$9)))/($H7*Assumptions!$C$9)^2) -> 286884.4 | K7: =IF(OR($B7="",$C7=""),"",$C7/Assumptions!$C$14*Assumptions!$C$11) -> 253846.15 | L7: =IF(OR($B7="",$C7=""),"",$J7*Assumptions!$C$10/$K7) -> 2.2603014 | M7: =IF(OR($B7="",$C7=""),"",MIN(Assumptions!$C$20,52/MAX($L7,Assumptions!$C$12))) -> 23.005782 | N7: =IF(OR($B7="",$C7=""),"",SQRT(Assumptions!$C$24)*SQRT(2*$H7*(1-$H7)/($K7*4/Assumptions!$C$10))/$H7) -> 0.037135218 | O7: =IF(OR($B7="",$C7=""),"",IF(AND($L7<=Assumptions!$C$16,$B7>=Assumptions!$C$17),"Tier 1",IF(AND($L7<=Assumptions!$C$18,$B7>=Assumptions!$C$19),"Tier 2","Tier 3"))) -> Tier 2 | P7: =IF(OR($B7="",$C7=""),"",IF($O7="Tier 1","Pursue — offer trial; plan 2-week tests",IF($O7="Tier 2","Qualify — trial only on top-traffic pages, bold tests (≥10% lift)","Don't trial A/B — nurture or sell non-testing services"))) -> Qualify — trial only on top-traffic pages, bold tests (≥10% lift) | R7: Tier 3 | S7: =COUNTIF($O$5:$O$204,R7) -> 2 | T7: =SUMIFS($B$5:$B$204,$O$5:$O$204,R7) -> 33
A8: Example — Beauty DTC | B8: 90 | C8: 2800000 | D8: 65 | E8: Similarweb | F8: =IF(OR($B8="",$C8=""),"",IF($D8="",Assumptions!$C$13,$D8)) -> 65 | G8: =IF(OR($B8="",$C8=""),"",$B8*1000000/12/$C8) -> 2.6785714 | H8: =IF(OR($B8="",$C8=""),"",$G8/$F8) -> 0.041208791 | I8: =IF(OR($B8="",$C8=""),"",$C8*$H8) -> 115384.62 | J8: =IF(OR($B8="",$C8=""),"",Assumptions!$C$24*($H8*(1-$H8)+$H8*(1+Assumptions!$C$9)*(1-$H8*(1+Assumptions!$C$9)))/($H8*Assumptions!$C$9)^2) -> 149581.33 | K8: =IF(OR($B8="",$C8=""),"",$C8/Assumptions!$C$14*Assumptions!$C$11) -> 323076.92 | L8: =IF(OR($B8="",$C8=""),"",$J8*Assumptions!$C$10/$K8) -> 0.92597968 | M8: =IF(OR($B8="",$C8=""),"",MIN(Assumptions!$C$20,52/MAX($L8,Assumptions!$C$12))) -> 26 | N8: =IF(OR($B8="",$C8=""),"",SQRT(Assumptions!$C$24)*SQRT(2*$H8*(1-$H8)/($K8*4/Assumptions!$C$10))/$H8) -> 0.023774859 | O8: =IF(OR($B8="",$C8=""),"",IF(AND($L8<=Assumptions!$C$16,$B8>=Assumptions!$C$17),"Tier 1",IF(AND($L8<=Assumptions!$C$18,$B8>=Assumptions!$C$19),"Tier 2","Tier 3"))) -> Tier 2 | P8: =IF(OR($B8="",$C8=""),"",IF($O8="Tier 1","Pursue — offer trial; plan 2-week tests",IF($O8="Tier 2","Qualify — trial only on top-traffic pages, bold tests (≥10% lift)","Don't trial A/B — nurture or sell non-testing services"))) -> Qualify — trial only on top-traffic pages, bold tests (≥10% lift) | R8: Total | S8: =SUM(S5:S7) -> 7 | T8: =SUM(T5:T7) -> 1953
A9: Example — Outdoor gear | B9: 60 | C9: 900000 | D9: 140 | E9: Similarweb | F9: =IF(OR($B9="",$C9=""),"",IF($D9="",Assumptions!$C$13,$D9)) -> 140 | G9: =IF(OR($B9="",$C9=""),"",$B9*1000000/12/$C9) -> 5.5555556 | H9: =IF(OR($B9="",$C9=""),"",$G9/$F9) -> 0.03968254 | I9: =IF(OR($B9="",$C9=""),"",$C9*$H9) -> 35714.286 | J9: =IF(OR($B9="",$C9=""),"",Assumptions!$C$24*($H9*(1-$H9)+$H9*(1+Assumptions!$C$9)*(1-$H9*(1+Assumptions!$C$9)))/($H9*Assumptions!$C$9)^2) -> 155588.34 | K9: =IF(OR($B9="",$C9=""),"",$C9/Assumptions!$C$14*Assumptions!$C$11) -> 103846.15 | L9: =IF(OR($B9="",$C9=""),"",$J9*Assumptions!$C$10/$K9) -> 2.9965162 | M9: =IF(OR($B9="",$C9=""),"",MIN(Assumptions!$C$20,52/MAX($L9,Assumptions!$C$12))) -> 17.353485 | N9: =IF(OR($B9="",$C9=""),"",SQRT(Assumptions!$C$24)*SQRT(2*$H9*(1-$H9)/($K9*4/Assumptions!$C$10))/$H9) -> 0.042767741 | O9: =IF(OR($B9="",$C9=""),"",IF(AND($L9<=Assumptions!$C$16,$B9>=Assumptions!$C$17),"Tier 1",IF(AND($L9<=Assumptions!$C$18,$B9>=Assumptions!$C$19),"Tier 2","Tier 3"))) -> Tier 2 | P9: =IF(OR($B9="",$C9=""),"",IF($O9="Tier 1","Pursue — offer trial; plan 2-week tests",IF($O9="Tier 2","Qualify — trial only on top-traffic pages, bold tests (≥10% lift)","Don't trial A/B — nurture or sell non-testing services"))) -> Qualify — trial only on top-traffic pages, bold tests (≥10% lift)
A10: Example — Niche B2B supply | B10: 25 | C10: 250000 | D10: 450 | E10: Rep estimate | F10: =IF(OR($B10="",$C10=""),"",IF($D10="",Assumptions!$C$13,$D10)) -> 450 | G10: =IF(OR($B10="",$C10=""),"",$B10*1000000/12/$C10) -> 8.3333333 | H10: =IF(OR($B10="",$C10=""),"",$G10/$F10) -> 0.018518519 | I10: =IF(OR($B10="",$C10=""),"",$C10*$H10) -> 4629.6296 | J10: =IF(OR($B10="",$C10=""),"",Assumptions!$C$24*($H10*(1-$H10)+$H10*(1+Assumptions!$C$9)*(1-$H10*(1+Assumptions!$C$9)))/($H10*Assumptions!$C$9)^2) -> 340947.49 | K10: =IF(OR($B10="",$C10=""),"",$C10/Assumptions!$C$14*Assumptions!$C$11) -> 28846.154 | L10: =IF(OR($B10="",$C10=""),"",$J10*Assumptions!$C$10/$K10) -> 23.639026 | M10: =IF(OR($B10="",$C10=""),"",MIN(Assumptions!$C$20,52/MAX($L10,Assumptions!$C$12))) -> 2.1997522 | N10: =IF(OR($B10="",$C10=""),"",SQRT(Assumptions!$C$24)*SQRT(2*$H10*(1-$H10)/($K10*4/Assumptions!$C$10))/$H10) -> 0.1200875 | O10: =IF(OR($B10="",$C10=""),"",IF(AND($L10<=Assumptions!$C$16,$B10>=Assumptions!$C$17),"Tier 1",IF(AND($L10<=Assumptions!$C$18,$B10>=Assumptions!$C$19),"Tier 2","Tier 3"))) -> Tier 3 | P10: =IF(OR($B10="",$C10=""),"",IF($O10="Tier 1","Pursue — offer trial; plan 2-week tests",IF($O10="Tier 2","Qualify — trial only on top-traffic pages, bold tests (≥10% lift)","Don't trial A/B — nurture or sell non-testing services"))) -> Don't trial A/B — nurture or sell non-testing services
A11: Example — Small DTC brand | B11: 8 | C11: 300000 | E11: Similarweb | F11: =IF(OR($B11="",$C11=""),"",IF($D11="",Assumptions!$C$13,$D11)) -> 120 | G11: =IF(OR($B11="",$C11=""),"",$B11*1000000/12/$C11) -> 2.2222222 | H11: =IF(OR($B11="",$C11=""),"",$G11/$F11) -> 0.018518519 | I11: =IF(OR($B11="",$C11=""),"",$C11*$H11) -> 5555.5556 | J11: =IF(OR($B11="",$C11=""),"",Assumptions!$C$24*($H11*(1-$H11)+$H11*(1+Assumptions!$C$9)*(1-$H11*(1+Assumptions!$C$9)))/($H11*Assumptions!$C$9)^2) -> 340947.49 | K11: =IF(OR($B11="",$C11=""),"",$C11/Assumptions!$C$14*Assumptions!$C$11) -> 34615.385 | L11: =IF(OR($B11="",$C11=""),"",$J11*Assumptions!$C$10/$K11) -> 19.699188 | M11: =IF(OR($B11="",$C11=""),"",MIN(Assumptions!$C$20,52/MAX($L11,Assumptions!$C$12))) -> 2.6397027 | N11: =IF(OR($B11="",$C11=""),"",SQRT(Assumptions!$C$24)*SQRT(2*$H11*(1-$H11)/($K11*4/Assumptions!$C$10))/$H11) -> 0.10962439 | O11: =IF(OR($B11="",$C11=""),"",IF(AND($L11<=Assumptions!$C$16,$B11>=Assumptions!$C$17),"Tier 1",IF(AND($L11<=Assumptions!$C$18,$B11>=Assumptions!$C$19),"Tier 2","Tier 3"))) -> Tier 3 | P11: =IF(OR($B11="",$C11=""),"",IF($O11="Tier 1","Pursue — offer trial; plan 2-week tests",IF($O11="Tier 2","Qualify — trial only on top-traffic pages, bold tests (≥10% lift)","Don't trial A/B — nurture or sell non-testing services"))) -> Don't trial A/B — nurture or sell non-testing services
F12: =IF(OR($B12="",$C12=""),"",IF($D12="",Assumptions!$C$13,$D12)) | G12: =IF(OR($B12="",$C12=""),"",$B12*1000000/12/$C12) | H12: =IF(OR($B12="",$C12=""),"",$G12/$F12) | I12: =IF(OR($B12="",$C12=""),"",$C12*$H12) | J12: =IF(OR($B12="",$C12=""),"",Assumptions!$C$24*($H12*(1-$H12)+$H12*(1+Assumptions!$C$9)*(1-$H12*(1+Assumptions!$C$9)))/($H12*Assumptions!$C$9)^2) | K12: =IF(OR($B12="",$C12=""),"",$C12/Assumptions!$C$14*Assumptions!$C$11) | L12: =IF(OR($B12="",$C12=""),"",$J12*Assumptions!$C$10/$K12) | M12: =IF(OR($B12="",$C12=""),"",MIN(Assumptions!$C$20,52/MAX($L12,Assumptions!$C$12))) | N12: =IF(OR($B12="",$C12=""),"",SQRT(Assumptions!$C$24)*SQRT(2*$H12*(1-$H12)/($K12*4/Assumptions!$C$10))/$H12) | O12: =IF(OR($B12="",$C12=""),"",IF(AND($L12<=Assumptions!$C$16,$B12>=Assumptions!$C$17),"Tier 1",IF(AND($L12<=Assumptions!$C$18,$B12>=Assumptions!$C$19),"Tier 2","Tier 3"))) | P12: =IF(OR($B12="",$C12=""),"",IF($O12="Tier 1","Pursue — offer trial; plan 2-week tests",IF($O12="Tier 2","Qualify — trial only on top-traffic pages, bold tests (≥10% lift)","Don't trial A/B — nurture or sell non-testing services")))
F13: =IF(OR($B13="",$C13=""),"",IF($D13="",Assumptions!$C$13,$D13)) | G13: =IF(OR($B13="",$C13=""),"",$B13*1000000/12/$C13) | H13: =IF(OR($B13="",$C13=""),"",$G13/$F13) | I13: =IF(OR($B13="",$C13=""),"",$C13*$H13) | J13: =IF(OR($B13="",$C13=""),"",Assumptions!$C$24*($H13*(1-$H13)+$H13*(1+Assumptions!$C$9)*(1-$H13*(1+Assumptions!$C$9)))/($H13*Assumptions!$C$9)^2) | K13: =IF(OR($B13="",$C13=""),"",$C13/Assumptions!$C$14*Assumptions!$C$11) | L13: =IF(OR($B13="",$C13=""),"",$J13*Assumptions!$C$10/$K13) | M13: =IF(OR($B13="",$C13=""),"",MIN(Assumptions!$C$20,52/MAX($L13,Assumptions!$C$12))) | N13: =IF(OR($B13="",$C13=""),"",SQRT(Assumptions!$C$24)*SQRT(2*$H13*(1-$H13)/($K13*4/Assumptions!$C$10))/$H13) | O13: =IF(OR($B13="",$C13=""),"",IF(AND($L13<=Assumptions!$C$16,$B13>=Assumptions!$C$17),"Tier 1",IF(AND($L13<=Assumptions!$C$18,$B13>=Assumptions!$C$19),"Tier 2","Tier 3"))) | P13: =IF(OR($B13="",$C13=""),"",IF($O13="Tier 1","Pursue — offer trial; plan 2-week tests",IF($O13="Tier 2","Qualify — trial only on top-traffic pages, bold tests (≥10% lift)","Don't trial A/B — nurture or sell non-testing services")))
F14: =IF(OR($B14="",$C14=""),"",IF($D14="",Assumptions!$C$13,$D14)) | G14: =IF(OR($B14="",$C14=""),"",$B14*1000000/12/$C14) | H14: =IF(OR($B14="",$C14=""),"",$G14/$F14) | I14: =IF(OR($B14="",$C14=""),"",$C14*$H14) | J14: =IF(OR($B14="",$C14=""),"",Assumptions!$C$24*($H14*(1-$H14)+$H14*(1+Assumptions!$C$9)*(1-$H14*(1+Assumptions!$C$9)))/($H14*Assumptions!$C$9)^2) | K14: =IF(OR($B14="",$C14=""),"",$C14/Assumptions!$C$14*Assumptions!$C$11) | L14: =IF(OR($B14="",$C14=""),"",$J14*Assumptions!$C$10/$K14) | M14: =IF(OR($B14="",$C14=""),"",MIN(Assumptions!$C$20,52/MAX($L14,Assumptions!$C$12))) | N14: =IF(OR($B14="",$C14=""),"",SQRT(Assumptions!$C$24)*SQRT(2*$H14*(1-$H14)/($K14*4/Assumptions!$C$10))/$H14) | O14: =IF(OR($B14="",$C14=""),"",IF(AND($L14<=Assumptions!$C$16,$B14>=Assumptions!$C$17),"Tier 1",IF(AND($L14<=Assumptions!$C$18,$B14>=Assumptions!$C$19),"Tier 2","Tier 3"))) | P14: =IF(OR($B14="",$C14=""),"",IF($O14="Tier 1","Pursue — offer trial; plan 2-week tests",IF($O14="Tier 2","Qualify — trial only on top-traffic pages, bold tests (≥10% lift)","Don't trial A/B — nurture or sell non-testing services")))
F15: =IF(OR($B15="",$C15=""),"",IF($D15="",Assumptions!$C$13,$D15)) | G15: =IF(OR($B15="",$C15=""),"",$B15*1000000/12/$C15) | H15: =IF(OR($B15="",$C15=""),"",$G15/$F15) | I15: =IF(OR($B15="",$C15=""),"",$C15*$H15) | J15: =IF(OR($B15="",$C15=""),"",Assumptions!$C$24*($H15*(1-$H15)+$H15*(1+Assumptions!$C$9)*(1-$H15*(1+Assumptions!$C$9)))/($H15*Assumptions!$C$9)^2) | K15: =IF(OR($B15="",$C15=""),"",$C15/Assumptions!$C$14*Assumptions!$C$11) | L15: =IF(OR($B15="",$C15=""),"",$J15*Assumptions!$C$10/$K15) | M15: =IF(OR($B15="",$C15=""),"",MIN(Assumptions!$C$20,52/MAX($L15,Assumptions!$C$12))) | N15: =IF(OR($B15="",$C15=""),"",SQRT(Assumptions!$C$24)*SQRT(2*$H15*(1-$H15)/($K15*4/Assumptions!$C$10))/$H15) | O15: =IF(OR($B15="",$C15=""),"",IF(AND($L15<=Assumptions!$C$16,$B15>=Assumptions!$C$17),"Tier 1",IF(AND($L15<=Assumptions!$C$18,$B15>=Assumptions!$C$19),"Tier 2","Tier 3"))) | P15: =IF(OR($B15="",$C15=""),"",IF($O15="Tier 1","Pursue — offer trial; plan 2-week tests",IF($O15="Tier 2","Qualify — trial only on top-traffic pages, bold tests (≥10% lift)","Don't trial A/B — nurture or sell non-testing services")))
F16: =IF(OR($B16="",$C16=""),"",IF($D16="",Assumptions!$C$13,$D16)) | G16: =IF(OR($B16="",$C16=""),"",$B16*1000000/12/$C16) | H16: =IF(OR($B16="",$C16=""),"",$G16/$F16) | I16: =IF(OR($B16="",$C16=""),"",$C16*$H16) | J16: =IF(OR($B16="",$C16=""),"",Assumptions!$C$24*($H16*(1-$H16)+$H16*(1+Assumptions!$C$9)*(1-$H16*(1+Assumptions!$C$9)))/($H16*Assumptions!$C$9)^2) | K16: =IF(OR($B16="",$C16=""),"",$C16/Assumptions!$C$14*Assumptions!$C$11) | L16: =IF(OR($B16="",$C16=""),"",$J16*Assumptions!$C$10/$K16) | M16: =IF(OR($B16="",$C16=""),"",MIN(Assumptions!$C$20,52/MAX($L16,Assumptions!$C$12))) | N16: =IF(OR($B16="",$C16=""),"",SQRT(Assumptions!$C$24)*SQRT(2*$H16*(1-$H16)/($K16*4/Assumptions!$C$10))/$H16) | O16: =IF(OR($B16="",$C16=""),"",IF(AND($L16<=Assumptions!$C$16,$B16>=Assumptions!$C$17),"Tier 1",IF(AND($L16<=Assumptions!$C$18,$B16>=Assumptions!$C$19),"Tier 2","Tier 3"))) | P16: =IF(OR($B16="",$C16=""),"",IF($O16="Tier 1","Pursue — offer trial; plan 2-week tests",IF($O16="Tier 2","Qualify — trial only on top-traffic pages, bold tests (≥10% lift)","Don't trial A/B — nurture or sell non-testing services")))
F17: =IF(OR($B17="",$C17=""),"",IF($D17="",Assumptions!$C$13,$D17)) | G17: =IF(OR($B17="",$C17=""),"",$B17*1000000/12/$C17) | H17: =IF(OR($B17="",$C17=""),"",$G17/$F17) | I17: =IF(OR($B17="",$C17=""),"",$C17*$H17) | J17: =IF(OR($B17="",$C17=""),"",Assumptions!$C$24*($H17*(1-$H17)+$H17*(1+Assumptions!$C$9)*(1-$H17*(1+Assumptions!$C$9)))/($H17*Assumptions!$C$9)^2) | K17: =IF(OR($B17="",$C17=""),"",$C17/Assumptions!$C$14*Assumptions!$C$11) | L17: =IF(OR($B17="",$C17=""),"",$J17*Assumptions!$C$10/$K17) | M17: =IF(OR($B17="",$C17=""),"",MIN(Assumptions!$C$20,52/MAX($L17,Assumptions!$C$12))) | N17: =IF(OR($B17="",$C17=""),"",SQRT(Assumptions!$C$24)*SQRT(2*$H17*(1-$H17)/($K17*4/Assumptions!$C$10))/$H17) | O17: =IF(OR($B17="",$C17=""),"",IF(AND($L17<=Assumptions!$C$16,$B17>=Assumptions!$C$17),"Tier 1",IF(AND($L17<=Assumptions!$C$18,$B17>=Assumptions!$C$19),"Tier 2","Tier 3"))) | P17: =IF(OR($B17="",$C17=""),"",IF($O17="Tier 1","Pursue — offer trial; plan 2-week tests",IF($O17="Tier 2","Qualify — trial only on top-traffic pages, bold tests (≥10% lift)","Don't trial A/B — nurture or sell non-testing services")))
F18: =IF(OR($B18="",$C18=""),"",IF($D18="",Assumptions!$C$13,$D18)) | G18: =IF(OR($B18="",$C18=""),"",$B18*1000000/12/$C18) | H18: =IF(OR($B18="",$C18=""),"",$G18/$F18) | I18: =IF(OR($B18="",$C18=""),"",$C18*$H18) | J18: =IF(OR($B18="",$C18=""),"",Assumptions!$C$24*($H18*(1-$H18)+$H18*(1+Assumptions!$C$9)*(1-$H18*(1+Assumptions!$C$9)))/($H18*Assumptions!$C$9)^2) | K18: =IF(OR($B18="",$C18=""),"",$C18/Assumptions!$C$14*Assumptions!$C$11) | L18: =IF(OR($B18="",$C18=""),"",$J18*Assumptions!$C$10/$K18) | M18: =IF(OR($B18="",$C18=""),"",MIN(Assumptions!$C$20,52/MAX($L18,Assumptions!$C$12))) | N18: =IF(OR($B18="",$C18=""),"",SQRT(Assumptions!$C$24)*SQRT(2*$H18*(1-$H18)/($K18*4/Assumptions!$C$10))/$H18) | O18: =IF(OR($B18="",$C18=""),"",IF(AND($L18<=Assumptions!$C$16,$B18>=Assumptions!$C$17),"Tier 1",IF(AND($L18<=Assumptions!$C$18,$B18>=Assumptions!$C$19),"Tier 2","Tier 3"))) | P18: =IF(OR($B18="",$C18=""),"",IF($O18="Tier 1","Pursue — offer trial; plan 2-week tests",IF($O18="Tier 2","Qualify — trial only on top-traffic pages, bold tests (≥10% lift)","Don't trial A/B — nurture or sell non-testing services")))
F19: =IF(OR($B19="",$C19=""),"",IF($D19="",Assumptions!$C$13,$D19)) | G19: =IF(OR($B19="",$C19=""),"",$B19*1000000/12/$C19) | H19: =IF(OR($B19="",$C19=""),"",$G19/$F19) | I19: =IF(OR($B19="",$C19=""),"",$C19*$H19) | J19: =IF(OR($B19="",$C19=""),"",Assumptions!$C$24*($H19*(1-$H19)+$H19*(1+Assumptions!$C$9)*(1-$H19*(1+Assumptions!$C$9)))/($H19*Assumptions!$C$9)^2) | K19: =IF(OR($B19="",$C19=""),"",$C19/Assumptions!$C$14*Assumptions!$C$11) | L19: =IF(OR($B19="",$C19=""),"",$J19*Assumptions!$C$10/$K19) | M19: =IF(OR($B19="",$C19=""),"",MIN(Assumptions!$C$20,52/MAX($L19,Assumptions!$C$12))) | N19: =IF(OR($B19="",$C19=""),"",SQRT(Assumptions!$C$24)*SQRT(2*$H19*(1-$H19)/($K19*4/Assumptions!$C$10))/$H19) | O19: =IF(OR($B19="",$C19=""),"",IF(AND($L19<=Assumptions!$C$16,$B19>=Assumptions!$C$17),"Tier 1",IF(AND($L19<=Assumptions!$C$18,$B19>=Assumptions!$C$19),"Tier 2","Tier 3"))) | P19: =IF(OR($B19="",$C19=""),"",IF($O19="Tier 1","Pursue — offer trial; plan 2-week tests",IF($O19="Tier 2","Qualify — trial only on top-traffic pages, bold tests (≥10% lift)","Don't trial A/B — nurture or sell non-testing services")))
F20: =IF(OR($B20="",$C20=""),"",IF($D20="",Assumptions!$C$13,$D20)) | G20: =IF(OR($B20="",$C20=""),"",$B20*1000000/12/$C20) | H20: =IF(OR($B20="",$C20=""),"",$G20/$F20) | I20: =IF(OR($B20="",$C20=""),"",$C20*$H20) | J20: =IF(OR($B20="",$C20=""),"",Assumptions!$C$24*($H20*(1-$H20)+$H20*(1+Assumptions!$C$9)*(1-$H20*(1+Assumptions!$C$9)))/($H20*Assumptions!$C$9)^2) | K20: =IF(OR($B20="",$C20=""),"",$C20/Assumptions!$C$14*Assumptions!$C$11) | L20: =IF(OR($B20="",$C20=""),"",$J20*Assumptions!$C$10/$K20) | M20: =IF(OR($B20="",$C20=""),"",MIN(Assumptions!$C$20,52/MAX($L20,Assumptions!$C$12))) | N20: =IF(OR($B20="",$C20=""),"",SQRT(Assumptions!$C$24)*SQRT(2*$H20*(1-$H20)/($K20*4/Assumptions!$C$10))/$H20) | O20: =IF(OR($B20="",$C20=""),"",IF(AND($L20<=Assumptions!$C$16,$B20>=Assumptions!$C$17),"Tier 1",IF(AND($L20<=Assumptions!$C$18,$B20>=Assumptions!$C$19),"Tier 2","Tier 3"))) | P20: =IF(OR($B20="",$C20=""),"",IF($O20="Tier 1","Pursue — offer trial; plan 2-week tests",IF($O20="Tier 2","Qualify — trial only on top-traffic pages, bold tests (≥10% lift)","Don't trial A/B — nurture or sell non-testing services")))
F21: =IF(OR($B21="",$C21=""),"",IF($D21="",Assumptions!$C$13,$D21)) | G21: =IF(OR($B21="",$C21=""),"",$B21*1000000/12/$C21) | H21: =IF(OR($B21="",$C21=""),"",$G21/$F21) | I21: =IF(OR($B21="",$C21=""),"",$C21*$H21) | J21: =IF(OR($B21="",$C21=""),"",Assumptions!$C$24*($H21*(1-$H21)+$H21*(1+Assumptions!$C$9)*(1-$H21*(1+Assumptions!$C$9)))/($H21*Assumptions!$C$9)^2) | K21: =IF(OR($B21="",$C21=""),"",$C21/Assumptions!$C$14*Assumptions!$C$11) | L21: =IF(OR($B21="",$C21=""),"",$J21*Assumptions!$C$10/$K21) | M21: =IF(OR($B21="",$C21=""),"",MIN(Assumptions!$C$20,52/MAX($L21,Assumptions!$C$12))) | N21: =IF(OR($B21="",$C21=""),"",SQRT(Assumptions!$C$24)*SQRT(2*$H21*(1-$H21)/($K21*4/Assumptions!$C$10))/$H21) | O21: =IF(OR($B21="",$C21=""),"",IF(AND($L21<=Assumptions!$C$16,$B21>=Assumptions!$C$17),"Tier 1",IF(AND($L21<=Assumptions!$C$18,$B21>=Assumptions!$C$19),"Tier 2","Tier 3"))) | P21: =IF(OR($B21="",$C21=""),"",IF($O21="Tier 1","Pursue — offer trial; plan 2-week tests",IF($O21="Tier 2","Qualify — trial only on top-traffic pages, bold tests (≥10% lift)","Don't trial A/B — nurture or sell non-testing services")))
F22: =IF(OR($B22="",$C22=""),"",IF($D22="",Assumptions!$C$13,$D22)) | G22: =IF(OR($B22="",$C22=""),"",$B22*1000000/12/$C22) | H22: =IF(OR($B22="",$C22=""),"",$G22/$F22) | I22: =IF(OR($B22="",$C22=""),"",$C22*$H22) | J22: =IF(OR($B22="",$C22=""),"",Assumptions!$C$24*($H22*(1-$H22)+$H22*(1+Assumptions!$C$9)*(1-$H22*(1+Assumptions!$C$9)))/($H22*Assumptions!$C$9)^2) | K22: =IF(OR($B22="",$C22=""),"",$C22/Assumptions!$C$14*Assumptions!$C$11) | L22: =IF(OR($B22="",$C22=""),"",$J22*Assumptions!$C$10/$K22) | M22: =IF(OR($B22="",$C22=""),"",MIN(Assumptions!$C$20,52/MAX($L22,Assumptions!$C$12))) | N22: =IF(OR($B22="",$C22=""),"",SQRT(Assumptions!$C$24)*SQRT(2*$H22*(1-$H22)/($K22*4/Assumptions!$C$10))/$H22) | O22: =IF(OR($B22="",$C22=""),"",IF(AND($L22<=Assumptions!$C$16,$B22>=Assumptions!$C$17),"Tier 1",IF(AND($L22<=Assumptions!$C$18,$B22>=Assumptions!$C$19),"Tier 2","Tier 3"))) | P22: =IF(OR($B22="",$C22=""),"",IF($O22="Tier 1","Pursue — offer trial; plan 2-week tests",IF($O22="Tier 2","Qualify — trial only on top-traffic pages, bold tests (≥10% lift)","Don't trial A/B — nurture or sell non-testing services")))
F23: =IF(OR($B23="",$C23=""),"",IF($D23="",Assumptions!$C$13,$D23)) | G23: =IF(OR($B23="",$C23=""),"",$B23*1000000/12/$C23) | H23: =IF(OR($B23="",$C23=""),"",$G23/$F23) | I23: =IF(OR($B23="",$C23=""),"",$C23*$H23) | J23: =IF(OR($B23="",$C23=""),"",Assumptions!$C$24*($H23*(1-$H23)+$H23*(1+Assumptions!$C$9)*(1-$H23*(1+Assumptions!$C$9)))/($H23*Assumptions!$C$9)^2) | K23: =IF(OR($B23="",$C23=""),"",$C23/Assumptions!$C$14*Assumptions!$C$11) | L23: =IF(OR($B23="",$C23=""),"",$J23*Assumptions!$C$10/$K23) | M23: =IF(OR($B23="",$C23=""),"",MIN(Assumptions!$C$20,52/MAX($L23,Assumptions!$C$12))) | N23: =IF(OR($B23="",$C23=""),"",SQRT(Assumptions!$C$24)*SQRT(2*$H23*(1-$H23)/($K23*4/Assumptions!$C$10))/$H23) | O23: =IF(OR($B23="",$C23=""),"",IF(AND($L23<=Assumptions!$C$16,$B23>=Assumptions!$C$17),"Tier 1",IF(AND($L23<=Assumptions!$C$18,$B23>=Assumptions!$C$19),"Tier 2","Tier 3"))) | P23: =IF(OR($B23="",$C23=""),"",IF($O23="Tier 1","Pursue — offer trial; plan 2-week tests",IF($O23="Tier 2","Qualify — trial only on top-traffic pages, bold tests (≥10% lift)","Don't trial A/B — nurture or sell non-testing services")))
... F204: =IF(OR($B204="",$C204=""),"",IF($D204="",Assumptions!$C$13,$D204)) | G204: =IF(OR($B204="",$C204=""),"",$B204*1000000/12/$C204) | H204: =IF(OR($B204="",$C204=""),"",$G204/$F204) | I204: =IF(OR($B204="",$C204=""),"",$C204*$H204) | J204: =IF(OR($B204="",$C204=""),"",Assumptions!$C$24*($H204*(1-$H204)+$H204*(1+Assumptions!$C$9)*(1-$H204*(1+Assumptions!$C$9)))/($H204*Assumptions!$C$9)^2) | K204: =IF(OR($B204="",$C204=""),"",$C204/Assumptions!$C$14*Assumptions!$C$11) | L204: =IF(OR($B204="",$C204=""),"",$J204*Assumptions!$C$10/$K204) | M204: =IF(OR($B204="",$C204=""),"",MIN(Assumptions!$C$20,52/MAX($L204,Assumptions!$C$12))) | N204: =IF(OR($B204="",$C204=""),"",SQRT(Assumptions!$C$24)*SQRT(2*$H204*(1-$H204)/($K204*4/Assumptions!$C$10))/$H204) | O204: =IF(OR($B204="",$C204=""),"",IF(AND($L204<=Assumptions!$C$16,$B204>=Assumptions!$C$17),"Tier 1",IF(AND($L204<=Assumptions!$C$18,$B204>=Assumptions!$C$19),"Tier 2","Tier 3"))) | P204: =IF(OR($B204="",$C204=""),"",IF($O204="Tier 1","Pursue — offer trial; plan 2-week tests",IF($O204="Tier 2","Qualify — trial only on top-traffic pages, bold tests (≥10% lift)","Don't trial A/B — nurture or sell non-testing services")))

Sheet Assumptions
B2: Assumptions
B3: Global settings used by every tab. Blue cells are editable.
B5: Setting | C5: Value | D5: Why / source
B6: STATISTICS
B7: Confidence level (1 − α) | C7: 0.95 | D7: Industry standard. 95% = 5% false-positive risk (two-sided).
B8: Statistical power (1 − β) | C8: 0.8 | D8: Industry standard. 80% chance of detecting a real effect of size MDE.
B9: Minimum detectable effect (relative) | C9: 0.05 | D9: 5% relative lift on conversion rate. Typical winning tests land at 2–8%.
B10: Number of variants (incl. control) | C10: 2 | D10: Simple A/B. Each extra variant adds a full sample.
B11: Share of site traffic entering test | C11: 0.5 | D11: Tests usually target PDP / cart / checkout, not every page. 50% is generous; use 25–30% for page-specific tests.
B12: Minimum test duration (weeks) | C12: 2 | D12: Always run ≥2 full weeks to cover weekday/weekend cycles.
B13: Default AOV ($) | C13: 120 | D13: Used when AOV is unknown. Replace with vertical benchmarks (e.g., apparel ~$100–150, home ~$200+).
B14: Weeks per month | C14: =52/12 -> 4.3333333 | D14: Converts monthly sessions to weekly.
B15: TIER THRESHOLDS
B16: Tier 1 — max weeks to significance | C16: 2 | D16: Fast enough for ~2 tests per month per surface.
B17: Tier 1 — min annual US digital revenue ($M) | C17: 200 | D17: Mid-market floor (user target: $200M+).
B18: Tier 2 — max weeks to significance | C18: 4 | D18: Still workable: ~1 test per month.
B19: Tier 2 — min annual US digital revenue ($M) | C19: 50 | D19: Below this, testing ROI rarely covers the program cost.
B20: Cap on tests per year (per surface) | C20: 26 | D20: Practical ceiling: ~1 test every 2 weeks per page group.
B21: DERIVED (do not edit)
B22: Z (1 − α/2) | C22: =NORMSINV(1-(1-C7)/2) -> 1.959964 | D22: 1.960 at 95% confidence.
B23: Z (1 − β) | C23: =NORMSINV(C8) -> 0.84162123 | D23: 0.842 at 80% power.
B24: (Zα + Zβ)² | C24: =(C22+C23)^2 -> 7.8488797 | D24: Sample size multiplier.

Sheet Single Calculator
B2: Single Prospect Calculator
B3: Use live on discovery calls. Inputs override nothing on other tabs.
B5: INPUTS
B6: Company | C6: Example — Specialty apparel
B7: Annual US digital revenue ($M) | C7: 350
B8: Monthly sessions | C8: 6500000
B9: AOV ($) | C9: 110
B10: Share of traffic on tested page(s) | C10: =Assumptions!$C$11 -> 0.5
B11: Minimum detectable effect (relative) | C11: =Assumptions!$C$9 -> 0.05
B12: Variants (incl. control) | C12: =Assumptions!$C$10 -> 2
B13: RESULTS
B14: Revenue per visitor ($) | C14: =C7*1000000/12/C8 -> 4.4871795 | D14: Annual revenue ÷ 12 ÷ monthly sessions
B15: Estimated conversion rate | C15: =C14/C9 -> 0.040792541 | D15: RPV ÷ AOV
B16: Estimated orders / month | C16: =C8*C15 -> 265151.52
B17: Sample needed per variant (visitors) | C17: =Assumptions!$C$24*(C15*(1-C15)+C15*(1+C11)*(1-C15*(1+C11)))/(C15*C11)^2 -> 151175.03 | D17: Two-proportion z-test
B18: Conversions needed per variant | C18: =C17*C15 -> 6166.8136 | D18: Useful sanity check: <~350 per variant is rarely trustworthy
B19: Weekly visitors entering test | C19: =C8/Assumptions!$C$14*C10 -> 750000
B20: Weeks to significance | C20: =C17*C12/C19 -> 0.40313341 | D20: Red if above Tier 2 limit
B21: Recommended test length (weeks) | C21: =MAX(CEILING(C20,1),Assumptions!$C$12) -> 2 | D21: Rounded up to full weeks, min 2
B22: Tests / year capacity (per surface) | C22: =MIN(Assumptions!$C$20,52/C21) -> 26
B23: Smallest lift readable in 4 weeks | C23: =SQRT(Assumptions!$C$24)*SQRT(2*C15*(1-C15)/(C19*4/C12))/C15 -> 0.015686971 | D23: Red if >10%
B24: Tier | C24: =IF(AND(C20<=Assumptions!$C$16,C7>=Assumptions!$C$17),"Tier 1",IF(AND(C20<=Assumptions!$C$18,C7>=Assumptions!$C$19),"Tier 2","Tier 3")) -> Tier 1
B25: ILLUSTRATIVE VALUE (for the pitch)
B26: Monthly revenue through tested pages ($) | C26: =C7*1000000/12*C10 -> 14583333
B27: Annual value of one winning test at MDE ($) | C27: =C26*12*C11 -> 8750000 | D27: If a test wins at exactly the MDE and is rolled out to 100% for a year

Sheet Traffic Thresholds
B2: Minimum Monthly Sessions to Read a Test
B3: Sitewide monthly sessions needed, using Assumptions for confidence, power, variants and traffic share.
B5: Target test length (weeks) | C5: 2 | D5: ← change to 4 to see the Tier 2 floor
B7: Conversion rate ↓ / Relative lift (MDE) → | C7: 0.03 | D7: 0.05 | E7: 0.1 | F7: 0.15 | G7: 0.2
B8: 0.005 | C8: =Assumptions!$C$24*($B8*(1-$B8)+$B8*(1+C$7)*(1-$B8*(1+C$7)))/($B8*C$7)^2*Assumptions!$C$10/$C$5*Assumptions!$C$14/Assumptions!$C$11 -> 30530446 | D8: =Assumptions!$C$24*($B8*(1-$B8)+$B8*(1+D$7)*(1-$B8*(1+D$7)))/($B8*D$7)^2*Assumptions!$C$10/$C$5*Assumptions!$C$14/Assumptions!$C$11 -> 11098667 | E8: =Assumptions!$C$24*($B8*(1-$B8)+$B8*(1+E$7)*(1-$B8*(1+E$7)))/($B8*E$7)^2*Assumptions!$C$10/$C$5*Assumptions!$C$14/Assumptions!$C$11 -> 2841959 | F8: =Assumptions!$C$24*($B8*(1-$B8)+$B8*(1+F$7)*(1-$B8*(1+F$7)))/($B8*F$7)^2*Assumptions!$C$10/$C$5*Assumptions!$C$14/Assumptions!$C$11 -> 1292985.5 | G8: =Assumptions!$C$24*($B8*(1-$B8)+$B8*(1+G$7)*(1-$B8*(1+G$7)))/($B8*G$7)^2*Assumptions!$C$10/$C$5*Assumptions!$C$14/Assumptions!$C$11 -> 744110.43
B9: 0.01 | C9: =Assumptions!$C$24*($B9*(1-$B9)+$B9*(1+C$7)*(1-$B9*(1+C$7)))/($B9*C$7)^2*Assumptions!$C$10/$C$5*Assumptions!$C$14/Assumptions!$C$11 -> 15187340 | D9: =Assumptions!$C$24*($B9*(1-$B9)+$B9*(1+D$7)*(1-$B9*(1+D$7)))/($B9*D$7)^2*Assumptions!$C$10/$C$5*Assumptions!$C$14/Assumptions!$C$11 -> 5520729.3 | E9: =Assumptions!$C$24*($B9*(1-$B9)+$B9*(1+E$7)*(1-$B9*(1+E$7)))/($B9*E$7)^2*Assumptions!$C$10/$C$5*Assumptions!$C$14/Assumptions!$C$11 -> 1413462.9 | F9: =Assumptions!$C$24*($B9*(1-$B9)+$B9*(1+F$7)*(1-$B9*(1+F$7)))/($B9*F$7)^2*Assumptions!$C$10/$C$5*Assumptions!$C$14/Assumptions!$C$11 -> 642981.97 | G9: =Assumptions!$C$24*($B9*(1-$B9)+$B9*(1+G$7)*(1-$B9*(1+G$7)))/($B9*G$7)^2*Assumptions!$C$10/$C$5*Assumptions!$C$14/Assumptions!$C$11 -> 369980.49
B10: 0.015 | C10: =Assumptions!$C$24*($B10*(1-$B10)+$B10*(1+C$7)*(1-$B10*(1+C$7)))/($B10*C$7)^2*Assumptions!$C$10/$C$5*Assumptions!$C$14/Assumptions!$C$11 -> 10072971 | D10: =Assumptions!$C$24*($B10*(1-$B10)+$B10*(1+D$7)*(1-$B10*(1+D$7)))/($B10*D$7)^2*Assumptions!$C$10/$C$5*Assumptions!$C$14/Assumptions!$C$11 -> 3661416.9 | E10: =Assumptions!$C$24*($B10*(1-$B10)+$B10*(1+E$7)*(1-$B10*(1+E$7)))/($B10*E$7)^2*Assumptions!$C$10/$C$5*Assumptions!$C$14/Assumptions!$C$11 -> 937297.52 | F10: =Assumptions!$C$24*($B10*(1-$B10)+$B10*(1+F$7)*(1-$B10*(1+F$7)))/($B10*F$7)^2*Assumptions!$C$10/$C$5*Assumptions!$C$14/Assumptions!$C$11 -> 426314.13 | G10: =Assumptions!$C$24*($B10*(1-$B10)+$B10*(1+G$7)*(1-$B10*(1+G$7)))/($B10*G$7)^2*Assumptions!$C$10/$C$5*Assumptions!$C$14/Assumptions!$C$11 -> 245270.51
B11: 0.02 | C11: =Assumptions!$C$24*($B11*(1-$B11)+$B11*(1+C$7)*(1-$B11*(1+C$7)))/($B11*C$7)^2*Assumptions!$C$10/$C$5*Assumptions!$C$14/Assumptions!$C$11 -> 7515786.7 | D11: =Assumptions!$C$24*($B11*(1-$B11)+$B11*(1+D$7)*(1-$B11*(1+D$7)))/($B11*D$7)^2*Assumptions!$C$10/$C$5*Assumptions!$C$14/Assumptions!$C$11 -> 2731760.7 | E11: =Assumptions!$C$24*($B11*(1-$B11)+$B11*(1+E$7)*(1-$B11*(1+E$7)))/($B11*E$7)^2*Assumptions!$C$10/$C$5*Assumptions!$C$14/Assumptions!$C$11 -> 699214.83 | F11: =Assumptions!$C$24*($B11*(1-$B11)+$B11*(1+F$7)*(1-$B11*(1+F$7)))/($B11*F$7)^2*Assumptions!$C$10/$C$5*Assumptions!$C$14/Assumptions!$C$11 -> 317980.21 | G11: =Assumptions!$C$24*($B11*(1-$B11)+$B11*(1+G$7)*(1-$B11*(1+G$7)))/($B11*G$7)^2*Assumptions!$C$10/$C$5*Assumptions!$C$14/Assumptions!$C$11 -> 182915.53
B12: 0.025 | C12: =Assumptions!$C$24*($B12*(1-$B12)+$B12*(1+C$7)*(1-$B12*(1+C$7)))/($B12*C$7)^2*Assumptions!$C$10/$C$5*Assumptions!$C$14/Assumptions!$C$11 -> 5981476 | D12: =Assumptions!$C$24*($B12*(1-$B12)+$B12*(1+D$7)*(1-$B12*(1+D$7)))/($B12*D$7)^2*Assumptions!$C$10/$C$5*Assumptions!$C$14/Assumptions!$C$11 -> 2173967 | E12: =Assumptions!$C$24*($B12*(1-$B12)+$B12*(1+E$7)*(1-$B12*(1+E$7)))/($B12*E$7)^2*Assumptions!$C$10/$C$5*Assumptions!$C$14/Assumptions!$C$11 -> 556365.22 | F12: =Assumptions!$C$24*($B12*(1-$B12)+$B12*(1+F$7)*(1-$B12*(1+F$7)))/($B12*F$7)^2*Assumptions!$C$10/$C$5*Assumptions!$C$14/Assumptions!$C$11 -> 252979.86 | G12: =Assumptions!$C$24*($B12*(1-$B12)+$B12*(1+G$7)*(1-$B12*(1+G$7)))/($B12*G$7)^2*Assumptions!$C$10/$C$5*Assumptions!$C$14/Assumptions!$C$11 -> 145502.53
B13: 0.03 | C13: =Assumptions!$C$24*($B13*(1-$B13)+$B13*(1+C$7)*(1-$B13*(1+C$7)))/($B13*C$7)^2*Assumptions!$C$10/$C$5*Assumptions!$C$14/Assumptions!$C$11 -> 4958602.3 | D13: =Assumptions!$C$24*($B13*(1-$B13)+$B13*(1+D$7)*(1-$B13*(1+D$7)))/($B13*D$7)^2*Assumptions!$C$10/$C$5*Assumptions!$C$14/Assumptions!$C$11 -> 1802104.5 | E13: =Assumptions!$C$24*($B13*(1-$B13)+$B13*(1+E$7)*(1-$B13*(1+E$7)))/($B13*E$7)^2*Assumptions!$C$10/$C$5*Assumptions!$C$14/Assumptions!$C$11 -> 461132.15 | F13: =Assumptions!$C$24*($B13*(1-$B13)+$B13*(1+F$7)*(1-$B13*(1+F$7)))/($B13*F$7)^2*Assumptions!$C$10/$C$5*Assumptions!$C$14/Assumptions!$C$11 -> 209646.29 | G13: =Assumptions!$C$24*($B13*(1-$B13)+$B13*(1+G$7)*(1-$B13*(1+G$7)))/($B13*G$7)^2*Assumptions!$C$10/$C$5*Assumptions!$C$14/Assumptions!$C$11 -> 120560.54
B14: 0.04 | C14: =Assumptions!$C$24*($B14*(1-$B14)+$B14*(1+C$7)*(1-$B14*(1+C$7)))/($B14*C$7)^2*Assumptions!$C$10/$C$5*Assumptions!$C$14/Assumptions!$C$11 -> 3680010.1 | D14: =Assumptions!$C$24*($B14*(1-$B14)+$B14*(1+D$7)*(1-$B14*(1+D$7)))/($B14*D$7)^2*Assumptions!$C$10/$C$5*Assumptions!$C$14/Assumptions!$C$11 -> 1337276.4 | E14: =Assumptions!$C$24*($B14*(1-$B14)+$B14*(1+E$7)*(1-$B14*(1+E$7)))/($B14*E$7)^2*Assumptions!$C$10/$C$5*Assumptions!$C$14/Assumptions!$C$11 -> 342090.81 | F14: =Assumptions!$C$24*($B14*(1-$B14)+$B14*(1+F$7)*(1-$B14*(1+F$7)))/($B14*F$7)^2*Assumptions!$C$10/$C$5*Assumptions!$C$14/Assumptions!$C$11 -> 155479.33 | G14: =Assumptions!$C$24*($B14*(1-$B14)+$B14*(1+G$7)*(1-$B14*(1+G$7)))/($B14*G$7)^2*Assumptions!$C$10/$C$5*Assumptions!$C$14/Assumptions!$C$11 -> 89383.042
B15: 0.05 | C15: =Assumptions!$C$24*($B15*(1-$B15)+$B15*(1+C$7)*(1-$B15*(1+C$7)))/($B15*C$7)^2*Assumptions!$C$10/$C$5*Assumptions!$C$14/Assumptions!$C$11 -> 2912854.7 | D15: =Assumptions!$C$24*($B15*(1-$B15)+$B15*(1+D$7)*(1-$B15*(1+D$7)))/($B15*D$7)^2*Assumptions!$C$10/$C$5*Assumptions!$C$14/Assumptions!$C$11 -> 1058379.6 | E15: =Assumptions!$C$24*($B15*(1-$B15)+$B15*(1+E$7)*(1-$B15*(1+E$7)))/($B15*E$7)^2*Assumptions!$C$10/$C$5*Assumptions!$C$14/Assumptions!$C$11 -> 270666 | F15: =Assumptions!$C$24*($B15*(1-$B15)+$B15*(1+F$7)*(1-$B15*(1+F$7)))/($B15*F$7)^2*Assumptions!$C$10/$C$5*Assumptions!$C$14/Assumptions!$C$11 -> 122979.15 | G15: =Assumptions!$C$24*($B15*(1-$B15)+$B15*(1+G$7)*(1-$B15*(1+G$7)))/($B15*G$7)^2*Assumptions!$C$10/$C$5*Assumptions!$C$14/Assumptions!$C$11 -> 70676.546
B17: How to read it
B18: • Example: a 2% conversion-rate site wanting to detect a 5% lift in 2 weeks needs roughly the sessions shown at row 2.0% / column 5%.
B19: • If a prospect's monthly sessions are below the number in their row for 5–10% lift, testing will be slow — that's a Tier 2/3 signal.
B20: • Greyed cells (>10M sessions/month) are only realistic for the largest retailers.
B21: • Values shown in millions of sessions per month.
